<?xml version="1.0" encoding="UTF-8"?>
<c3p0-config>

    <default-config>
        <property name="driverClass">com.mysql.cj.jdbc.Driver</property>
        <property name="jdbcUrl">jdbc:mysql://localhost:3306/mysql2?useSSL=false&amp;serverTimezone=Hongkong&amp;characterEncoding=utf-8&amp;autoReconnect=true</property>
        <property name="user">root</property>
        <property name="password">123456</property>
        <property name="initialPoolSize">5</property>
        <property name="maxPoolSize">20</property>
    </default-config>

    <named-config name="oracle">
        <property name="driverClass">com.mysql.cj.jdbc.Driver</property>
        <property name="jdbcUrl">jdbc:mysql://localhost:3306/mysql2?useSSL=false&amp;serverTimezone=Hongkong&amp;characterEncoding=utf-8&amp;autoReconnect=true</property>
        <property name="user">root</property>
        <property name="password">123456</property>
    </named-config>


</c3p0-config>
        <!--C3P0配置文件-->